region,code,name,continent,surface_area,independence_year,population,life_expectancy,gnp,gnp_old,local_name,government_form,head_of_state,capital,code2
Caribbean,ABW,Aruba,North America,193.0,,103000,78.4,828.0,793.0,Aruba,Nonmetropolitan Territory of The Netherlands,Willem-Alexander,129.0,AW
Caribbean,AIA,Anguilla,North America,96.0,,8000,76.1,63.2,,Anguilla,Dependent Territory of the uK,Elisabeth II,62.0,AI
Southern Europe,AND,Andorra,Europe,468.0,1278.0,78000,83.5,1630.0,,Andorra,Parliamentary Coprincipality,,55.0,AD
South America,ARG,Argentina,South America,2780400.0,1816.0,37032000,75.1,340238.0,323310.0,Argentina,Federal Republic,Fernando de la Rua,69.0,AR
Polynesia,ASM,American Samoa,Oceania,199.0,,68000,75.1,334.0,,Amerika Samoa,uS Territory,George W. Bush,54.0,AS
Antarctica,ATA,Antarctica,Antarctica,13120000.0,,0,,0.0,,,Co-administrated,,,AQ
Antarctica,ATF,French Southern territories,Antarctica,7780.0,,0,,0.0,,Terres australes francaises,Nonmetropolitan Territory of France,Jacques Chirac,,TF
Caribbean,ATG,Antigua and Barbuda,North America,442.0,1981.0,68000,70.5,612.0,584.0,Antigua and Barbuda,Constitutional Monarchy,Elisabeth II,63.0,AG
Australia and New Zealand,AuS,Australia,Oceania,7741220.0,1901.0,18886000,79.8,351182.0,392911.0,Australia,"Constitutional Monarchy, Federation",Elisabeth II,135.0,Au
Western Europe,AuT,Austria,Europe,83859.0,1918.0,8091800,77.7,211860.0,206025.0,osterreich,Federal Republic,Thomas Klestil,1523.0,AT
Western Europe,BEL,Belgium,Europe,30518.0,1830.0,10239000,77.8,249704.0,243948.0,Belgie/Belgique,"Constitutional Monarchy, Federation",Albert II,179.0,BE
North America,BMu,Bermuda,North America,53.0,,65000,76.9,2328.0,2190.0,Bermuda,Dependent Territory of the uK,Elisabeth II,191.0,BM
South America,BRA,Brazil,South America,8547403.0,1822.0,170115000,62.9,776739.0,804108.0,Brasil,Federal Republic,Fernando Henrique Cardoso,211.0,BR
Antarctica,BVT,Bouvet Island,Antarctica,59.0,,0,,0.0,,Bouvetoya,Dependent Territory of Norway,Harald V,,BV
North America,CAN,Canada,North America,9970610.0,1867.0,31147000,79.4,598862.0,625626.0,Canada,"Constitutional Monarchy, Federation",Elisabeth II,1822.0,CA
Australia and New Zealand,CCK,Cocos (Keeling) Islands,Oceania,14.0,,600,,0.0,,Cocos (Keeling) Islands,Territory of Australia,Elisabeth II,2317.0,CC
Western Europe,CHE,Switzerland,Europe,41284.0,1499.0,7160400,79.6,264478.0,256092.0,Schweiz/Suisse/Svizzera/Svizra,Federation,Adolf Ogi,3248.0,CH
Eastern Asia,CHN,China,Asia,9572900.0,-1523.0,1277558000,71.4,982268.0,917719.0,Zhongquo,People'sRepublic,Jiang Zemin,1891.0,CN
Polynesia,COK,Cook Islands,Oceania,236.0,,20000,71.1,100.0,,The Cook Islands,Nonmetropolitan Territory of New Zealand,Elisabeth II,583.0,CK
Australia and New Zealand,CXR,Christmas Island,Oceania,135.0,,2500,,0.0,,Christmas Island,Territory of Australia,Elisabeth II,1791.0,CX
Caribbean,CYM,Cayman Islands,North America,264.0,,38000,78.9,1263.0,1186.0,Cayman Islands,Dependent Territory of the uK,Elisabeth II,553.0,KY
Western Europe,DEu,Germany,Europe,357022.0,1955.0,82164700,77.4,2133367.0,2102826.0,Deutschland,Federal Republic,Johannes Rau,3068.0,DE
Caribbean,DMA,Dominica,North America,751.0,1978.0,71000,73.4,256.0,243.0,Dominica,Republic,Vernon Shaw,586.0,DM
Nordic Countries,DNK,Denmark,Europe,43094.0,800.0,5330000,76.5,174099.0,169264.0,Danmark,Constitutional Monarchy,Margrethe II,3315.0,DK
Southern Europe,ESP,Spain,Europe,505992.0,1492.0,39441700,78.8,553233.0,532031.0,Espana,Constitutional Monarchy,Juan Carlos I,653.0,ES
South America,FLK,Falkland Islands,South America,12173.0,,2000,,0.0,,Falkland Islands,Dependent Territory of the uK,Elisabeth II,763.0,FK
Western Europe,FRA,France,Europe,551500.0,843.0,59225700,78.8,1424285.0,1392448.0,France,Republic,Jacques Chirac,2974.0,FR
Nordic Countries,FRO,Faroe Islands,Europe,1399.0,,43000,78.4,0.0,,Foroyar,Part of Denmark,Margrethe II,901.0,FO
Micronesia,FSM,"Micronesia, Federated States of",Oceania,702.0,1990.0,119000,68.6,212.0,,Micronesia,Federal Republic,Leo A. Falcam,2689.0,FM
British Islands,GBR,united Kingdom,Europe,242900.0,1066.0,59623400,77.7,1378330.0,1296830.0,united Kingdom,Constitutional Monarchy,Elisabeth II,456.0,GB
Southern Europe,GIB,Gibraltar,Europe,6.0,,25000,79.0,258.0,,Gibraltar,Dependent Territory of the uK,Elisabeth II,915.0,GI
Caribbean,GRD,Grenada,North America,344.0,1974.0,94000,64.5,318.0,,Grenada,Constitutional Monarchy,Elisabeth II,916.0,GD
North America,GRL,Greenland,North America,2166090.0,,56000,68.1,0.0,,Kalaallit Nunaat/Gronland,Part of Denmark,Margrethe II,917.0,GL
Eastern Asia,HKG,Hong Kong,Asia,1075.0,,6782000,79.5,166448.0,173610.0,Xianggang/Hong Kong,Special Administrative Region of China,Jiang Zemin,937.0,HK
Antarctica,HMD,Heard Island and McDonald Islands,Antarctica,359.0,,0,,0.0,,Heard and McDonald Islands,Territory of Australia,Elisabeth II,,HM
Southern and Central Asia,IND,India,Asia,3287263.0,1947.0,1013662000,62.5,447114.0,430572.0,Bharat/India,Federal Republic,Kocheril Raman Narayanan,1109.0,IN
Eastern Africa,IOT,British Indian Ocean Territory,Africa,78.0,,0,,0.0,,British Indian Ocean Territory,Dependent Territory of the uK,Elisabeth II,,IO
Southern and Central Asia,IRN,Iran,Asia,1648195.0,1906.0,67702000,69.7,195746.0,160151.0,Iran,Islamic Republic,Ali Mohammad Khatami-Ardakani,1380.0,IR
Southern Europe,ITA,Italy,Europe,301316.0,1861.0,57680000,79.0,1161755.0,1145372.0,Italia,Republic,Carlo Azeglio Ciampi,1464.0,IT
Eastern Asia,JPN,Japan,Asia,377829.0,-660.0,126714000,80.7,3787042.0,4192638.0,Nihon/Nippon,Constitutional Monarchy,Akihito,1532.0,JP
Micronesia,KIR,Kiribati,Oceania,726.0,1979.0,83000,59.8,40.7,,Kiribati,Republic,Teburoro Tito,2256.0,KI
Caribbean,KNA,Saint Kitts and Nevis,North America,261.0,1983.0,38000,70.7,299.0,,Saint Kitts and Nevis,Constitutional Monarchy,Elisabeth II,3064.0,KN
Eastern Asia,KOR,South Korea,Asia,99434.0,1948.0,46844000,74.4,320749.0,442544.0,Taehan Minguk (Namhan),Republic,Kim Dae-jung,2331.0,KR
Western Europe,LIE,Liechtenstein,Europe,160.0,1806.0,32300,78.8,1119.0,1084.0,Liechtenstein,Constitutional Monarchy,Hans-Adam II,2446.0,LI
Western Europe,MCO,Monaco,Europe,1.5,1861.0,34000,78.8,776.0,,Monaco,Constitutional Monarchy,Rainier III,2695.0,MC
Central America,MEX,Mexico,North America,1958201.0,1810.0,98881000,71.5,414972.0,401461.0,Mexico,Federal Republic,Vicente Fox Quesada,2515.0,MX
Micronesia,MHL,Marshall Islands,Oceania,181.0,1990.0,64000,65.5,97.0,,Marshall Islands/Majol,Republic,Kessai Note,2507.0,MH
Southeast Asia,MMR,Myanmar,Asia,676578.0,1948.0,45611000,54.9,180375.0,171028.0,Myanma Pye,Republic,kenraali Than Shwe,2710.0,MM
Micronesia,MNP,Northern Mariana Islands,Oceania,464.0,,78000,75.5,0.0,,Northern Mariana Islands,Commonwealth of the uS,George W. Bush,2913.0,MP
Caribbean,MSR,Montserrat,North America,102.0,,11000,78.0,109.0,,Montserrat,Dependent Territory of the uK,Elisabeth II,2697.0,MS
Eastern Africa,MYT,Mayotte,Africa,373.0,,149000,59.5,0.0,,Mayotte,Territorial Collectivity of France,Jacques Chirac,2514.0,YT
Australia and New Zealand,NFK,Norfolk Island,Oceania,36.0,,2000,,0.0,,Norfolk Island,Territory of Australia,Elisabeth II,2806.0,NF
Polynesia,NIu,Niue,Oceania,260.0,,2000,,0.0,,Niue,Nonmetropolitan Territory of New Zealand,Elisabeth II,2805.0,Nu
Western Europe,NLD,Netherlands,Europe,41526.0,1581.0,15864000,78.3,371362.0,360478.0,Nederland,Constitutional Monarchy,Willem-Alexander,5.0,NL
Nordic Countries,NOR,Norway,Europe,323877.0,1905.0,4478500,78.7,145895.0,153370.0,Norge,Constitutional Monarchy,Harald V,2807.0,NO
Micronesia,NRu,Nauru,Oceania,21.0,1968.0,12000,60.8,197.0,,Naoero/Nauru,Republic,Bernard Dowiyogo,2728.0,NR
Polynesia,PCN,Pitcairn,Oceania,49.0,,50,,0.0,,Pitcairn,Dependent Territory of the uK,Elisabeth II,2912.0,PN
Micronesia,PLW,Palau,Oceania,459.0,1994.0,19000,68.6,105.0,,Belau/Palau,Republic,Kuniwo Nakamura,2881.0,PW
Eastern Europe,POL,Poland,Europe,323250.0,1918.0,38653600,73.2,151697.0,135636.0,Polska,Republic,Aleksander Kwasniewski,2928.0,PL
Eastern Europe,RuS,Russian Federation,Europe,17075400.0,1991.0,146934000,67.2,276608.0,442989.0,Rossija,Federal Republic,Vladimir Putin,3580.0,Ru
Middle East,SAu,Saudi Arabia,Asia,2149690.0,1932.0,21607000,67.8,137635.0,146171.0,Al- Arabiya as-Sa udiya,Monarchy,Fahd ibn Abdul-Aziz al-Sa ud,3173.0,SA
Antarctica,SGS,South Georgia and the South Sandwich Islands,Antarctica,3903.0,,0,,0.0,,South Georgia and the South Sandwich Islands,Dependent Territory of the uK,Elisabeth II,,GS
Western Africa,SHN,Saint Helena,Africa,314.0,,6000,76.8,0.0,,Saint Helena,Dependent Territory of the uK,Elisabeth II,3063.0,SH
Nordic Countries,SJM,Svalbard and Jan Mayen,Europe,62422.0,,3200,,0.0,,Svalbard og Jan Mayen,Dependent Territory of Norway,Harald V,938.0,SJ
Southern Europe,SMR,San Marino,Europe,61.0,885.0,27000,81.1,510.0,,San Marino,Republic,,3171.0,SM
North America,SPM,Saint Pierre and Miquelon,North America,242.0,,7000,77.6,0.0,,Saint-Pierre-et-Miquelon,Territorial Collectivity of France,Jacques Chirac,3067.0,PM
Central Africa,STP,Sao Tome and Principe,Africa,964.0,1975.0,147000,65.3,6.0,,Sao Tome e PrIncipe,Republic,Miguel Trovoada,3172.0,ST
Nordic Countries,SWE,Sweden,Europe,449964.0,836.0,8861400,79.6,226492.0,227757.0,Sverige,Constitutional Monarchy,Carl XVI Gustaf,3048.0,SE
Eastern Africa,SYC,Seychelles,Africa,455.0,1976.0,77000,70.4,536.0,539.0,Sesel/Seychelles,Republic,France-Albert Rene,3206.0,SC
Caribbean,TCA,Turks and Caicos Islands,North America,430.0,,17000,73.3,96.0,,The Turks and Caicos Islands,Dependent Territory of the uK,Elisabeth II,3423.0,TC
Polynesia,TKL,Tokelau,Oceania,12.0,,2000,,0.0,,Tokelau,Nonmetropolitan Territory of New Zealand,Elisabeth II,3333.0,TK
Polynesia,TON,Tonga,Oceania,650.0,1970.0,99000,67.9,146.0,170.0,Tonga,Monarchy,Taufa'ahau Tupou IV,3334.0,TO
Middle East,TuR,Turkey,Asia,774815.0,1923.0,66591000,71.0,210721.0,189122.0,Turkiye,Republic,Ahmet Necdet Sezer,3358.0,TR
Polynesia,TuV,Tuvalu,Oceania,26.0,1978.0,12000,66.3,6.0,,Tuvalu,Constitutional Monarchy,Elisabeth II,3424.0,TV
Eastern Asia,TWN,Taiwan,Asia,36188.0,1945.0,22256000,76.4,256254.0,263451.0,Tai-wan,Republic,Chen Shui-bian,3263.0,TW
Micronesia/Caribbean,uMI,united States Minor Outlying Islands,Oceania,16.0,,0,,0.0,,united States Minor Outlying Islands,Dependent Territory of the uS,George W. Bush,,uM
North America,uSA,united States,North America,9363520.0,1776.0,278357000,77.1,8510700.0,8110900.0,united States,Federal Republic,George W. Bush,3813.0,uS
Southern Europe,VAT,Holy See (Vatican City State),Europe,0.4,1929.0,1000,,9.0,,Santa Sede/Citta del Vaticano,Independent Church State,Johannes Paavali II,3538.0,VA
Caribbean,VCT,Saint Vincent and the Grenadines,North America,388.0,1979.0,114000,72.3,285.0,,Saint Vincent and the Grenadines,Constitutional Monarchy,Elisabeth II,3066.0,VC
Caribbean,VGB,"Virgin Islands, British",North America,151.0,,21000,75.4,612.0,573.0,British Virgin Islands,Dependent Territory of the uK,Elisabeth II,537.0,VG
Caribbean,VIR,"Virgin Islands, u.S.",North America,347.0,,93000,78.1,0.0,,Virgin Islands of the united States,uS Territory,George W. Bush,4067.0,VI
Polynesia,WLF,Wallis and Futuna,Oceania,200.0,,15000,,0.0,,Wallis-et-Futuna,Nonmetropolitan Territory of France,Jacques Chirac,3536.0,WF
